Symbol,Name,LastSale,MarketCap,IPOyear,Sector,Industry,Summary Quote
XXII,"22nd Century Group, Inc",0.83,$63.09M,n/a,Consumer Non-Durables,Farming/Seeds/Milling,http://www.nasdaq.com/symbol/xxii
FAX,Aberdeen Asia-Pacific Income Fund Inc,5.07,$1.35B,1986,n/a,n/a,http://www.nasdaq.com/symbol/fax
IAF,Aberdeen Australia Equity Fund Inc,5.58,$127.64M,n/a,n/a,n/a,http://www.nasdaq.com/symbol/iaf
CH,"Aberdeen Chile Fund, Inc.",6.07,$56.98M,n/a,n/a,n/a,http://www.nasdaq.com/symbol/ch
ABE           ,Aberdeen Emerging Markets Smaller Company Opportunities Fund I,11.998,$116.8M,n/a,n/a,n/a,http://www.nasdaq.com/symbol/abe
FCO,"Aberdeen Global Income Fund, Inc.",8.67,$76.68M,1992,n/a,n/a,http://www.nasdaq.com/symbol/fco
IF,"Aberdeen Indonesia Fund, Inc.",5.94,$56.2M,1990,n/a,n/a,http://www.nasdaq.com/symbol/if
ISL,"Aberdeen Israel Fund, Inc.",16.835,$67.91M,1992,n/a,n/a,http://www.nasdaq.com/symbol/isl
ACU,Acme United Corporation.,18.85,$62.59M,1988,Capital Goods,Industrial Machinery/Components,http://www.nasdaq.com/symbol/acu
AIII,"ACRE Realty Investors, Inc.",1.2666,$25.91M,n/a,Consumer Services,Real Estate Investment Trusts,http://www.nasdaq.com/symbol/aiii
ATNM,"Actinium Pharmaceuticals, Inc.",1.75,$82.16M,n/a,Health Care,Major Pharmaceuticals,http://www.nasdaq.com/symbol/atnm
AE,"Adams Resources & Energy, Inc.",37.11,$156.51M,n/a,Energy,Oil Refining/Marketing,http://www.nasdaq.com/symbol/ae
ADK,Adcare Health Systems Inc,1.91,$38.1M,n/a,Health Care,Hospital/Nursing Management,http://www.nasdaq.com/symbol/adk
ADK^A,Adcare Health Systems Inc,20.9024,n/a,n/a,n/a,n/a,http://www.nasdaq.com/symbol/adk^a
ACY,AeroCentury Corp.,9.586,$15.02M,n/a,Technology,Diversified Commercial Services,http://www.nasdaq.com/symbol/acy
WGA,"AG&E Holdings, Inc.",0.27,$3.15M,n/a,Technology,Radio And Television Broadcasting And Communications Equipment,http://www.nasdaq.com/symbol/wga
AIRI,Air Industries Group,4.66,$35.23M,n/a,Capital Goods,Military/Government/Technical,http://www.nasdaq.com/symbol/airi
AA^,Alcoa Inc.,86.9999,n/a,n/a,Capital Goods,Metal Fabrications,http://www.nasdaq.com/symbol/aa^
AXU,Alexco Resource Corp,1.26,$111.25M,n/a,Basic Industries,Precious Metals,http://www.nasdaq.com/symbol/axu
AAU,"Almaden Minerals, Ltd.",1.21,$98.53M,2015,Basic Industries,Precious Metals,http://www.nasdaq.com/symbol/aau
APT,"Alpha Pro Tech, Ltd.",2.24,$39.1M,n/a,Health Care,Industrial Specialties,http://www.nasdaq.com/symbol/apt
AAMC,Altisource Asset Management Corp,17,$30.49M,n/a,Finance,Real Estate,http://www.nasdaq.com/symbol/aamc
DIT,AMCON Distributing Company,88,$53.15M,n/a,Consumer Non-Durables,Food Distributors,http://www.nasdaq.com/symbol/dit
ADGE,American DG Energy Inc.,0.25,$12.67M,n/a,Public Utilities,Power Generation,http://www.nasdaq.com/symbol/adge
AFCO,American Farmland Company,5.93,$100.35M,2015,Consumer Services,Real Estate Investment Trusts,http://www.nasdaq.com/symbol/afco
ALN,American Lorain Corporation,1.16,$44.38M,n/a,Consumer Non-Durables,Packaged Foods,http://www.nasdaq.com/symbol/aln
AMS,American Shared Hospital Services,2.25,$12.07M,n/a,Health Care,Medical Specialities,http://www.nasdaq.com/symbol/ams
AMPE,"Ampio Pharmaceuticals, Inc.",3.33,$173.21M,n/a,Health Care,Major Pharmaceuticals,http://www.nasdaq.com/symbol/ampe
APHB,AmpliPhi Biosciences Corporation,1.71,$14.09M,n/a,Health Care,Biotechnology: Biological Products (No Diagnostic Substances),http://www.nasdaq.com/symbol/aphb
AXN,"Aoxing Pharmaceutical Company, Inc.",0.64,$48.77M,n/a,Health Care,Major Pharmaceuticals,http://www.nasdaq.com/symbol/axn
AMCO,"Armco Metals Holdings, Inc.",0.1626,$1.32M,n/a,Consumer Durables,Steel/Iron Ore,http://www.nasdaq.com/symbol/amco
HRT,Arrhythmia Research Technology Inc.,4.6499,$13.1M,n/a,Health Care,Biotechnology: Electromedical & Electrotherapeutic Apparatus,http://www.nasdaq.com/symbol/hrt
AKG,Asanko Gold Inc.,4.08,$803.9M,n/a,Basic Industries,Mining & Quarrying of Nonmetallic Minerals (No Fuels),http://www.nasdaq.com/symbol/akg
AINC,Ashford Inc.,59.77,$120.14M,2014,Consumer Services,Professional Services,http://www.nasdaq.com/symbol/ainc
ASB.WS,Associated Banc-Corp,n/a,n/a,n/a,n/a,n/a,http://www.nasdaq.com/symbol/asb.ws
AST,"Asterias Biotherapeutics, Inc.",2.85,$126.98M,n/a,Health Care,Biotechnology: Biological Products (No Diagnostic Substances),http://www.nasdaq.com/symbol/ast
AST.WS,"Asterias Biotherapeutics, Inc.",n/a,n/a,n/a,n/a,n/a,http://www.nasdaq.com/symbol/ast.ws
AWX,Avalon Holdings Corporation,2.1,$7.99M,n/a,Public Utilities,Environmental Services,http://www.nasdaq.com/symbol/awx
ASM,Avino Silver,2.24,$94.06M,n/a,Basic Industries,Precious Metals,http://www.nasdaq.com/symbol/asm
BTG,B2Gold Corp,2.18,$2.02B,n/a,Basic Industries,Precious Metals,http://www.nasdaq.com/symbol/btg
BTN,"Ballantyne Strong, Inc",5.39,$76.5M,n/a,Miscellaneous,Industrial Machinery/Components,http://www.nasdaq.com/symbol/btn
BKJ,"Bancorp of New Jersey, Inc",11.1,$69.26M,n/a,Finance,Major Banks,http://www.nasdaq.com/symbol/bkj
BCV,Bancroft Fund Limited,18.43,$94.12M,n/a,n/a,n/a,http://www.nasdaq.com/symbol/bcv
BAA,BANRO CORPORATION,0.2953,$89.27M,n/a,Basic Industries,Precious Metals,http://www.nasdaq.com/symbol/baa
BHB,"Bar Harbor Bankshares, Inc.",34.73,$209.18M,n/a,Finance,Major Banks,http://www.nasdaq.com/symbol/bhb
BRN,"Barnwell Industries, Inc.",1.45,$12M,n/a,Energy,Oil & Gas Production,http://www.nasdaq.com/symbol/brn
BGSF,BG Staffing Inc,15.27,$112.98M,n/a,Technology,Professional Services,http://www.nasdaq.com/symbol/bgsf
BPMX,BioPharmX Corporation,0.63,$18.18M,2015,Health Care,Major Pharmaceuticals,http://www.nasdaq.com/symbol/bpmx
BTX,"BioTime, Inc.",2.4,$227.91M,n/a,Health Care,Biotechnology: Biological Products (No Diagnostic Substances),http://www.nasdaq.com/symbol/btx
BTX.WS,"BioTime, Inc.",n/a,n/a,n/a,n/a,n/a,http://www.nasdaq.com/symbol/btx.ws
BGI,Birks Group Inc.,0.46,$8.26M,n/a,Consumer Services,Consumer Specialties,http://www.nasdaq.com/symbol/bgi
BZM,BlackRock Maryland Municipal Bond Trust,16.0994,$33.43M,2002,n/a,n/a,http://www.nasdaq.com/symbol/bzm
MHE,BlackRock Massachusetts Tax-Exempt Trust,15.02,$35.53M,1993,n/a,n/a,http://www.nasdaq.com/symbol/mhe
BLE,BlackRock Municipal Income Trust II,16.37,$384.21M,2002,n/a,n/a,http://www.nasdaq.com/symbol/ble
BLJ,Blackrock New Jersey Municipal Bond Trust,16.9,$39.29M,2002,n/a,n/a,http://www.nasdaq.com/symbol/blj
BFY,BlackRock New York Municipal Income Trust II,17.01,$85.03M,2002,n/a,n/a,http://www.nasdaq.com/symbol/bfy
BHV,BlackRock Virginia Municipal Bond Trust,20.1375,$32.13M,2002,n/a,n/a,http://www.nasdaq.com/symbol/bhv
BDR,"Blonder Tongue Laboratories, Inc.",0.4014,$2.72M,n/a,Technology,Radio And Television Broadcasting And Communications Equipment,http://www.nasdaq.com/symbol/bdr
BRG,"Bluerock Residential Growth REIT, Inc.",12.33,$241.23M,2014,Consumer Services,Real Estate Investment Trusts,http://www.nasdaq.com/symbol/brg
BRG^A,"Bluerock Residential Growth REIT, Inc.",26.48,n/a,n/a,n/a,n/a,http://www.nasdaq.com/symbol/brg^a
BVX,Bovie Medical Corporation,1.7,$46.23M,n/a,Health Care,Medical/Dental Instruments,http://www.nasdaq.com/symbol/bvx
BWL.A,"Bowl America, Inc.",n/a,n/a,n/a,n/a,n/a,http://www.nasdaq.com/symbol/bwl.a
BTI,British American Tobacco p.l.c.,124.5,$116.05B,n/a,Consumer Non-Durables,Farming/Seeds/Milling,http://www.nasdaq.com/symbol/bti
CANF,Can-Fite Biopharma Ltd,2.81,$38.88M,n/a,Health Care,Major Pharmaceuticals,http://www.nasdaq.com/symbol/canf
ROX,"Castle Brands, Inc.",0.79,$126.78M,2006,Consumer Non-Durables,Beverages (Production/Distribution),http://www.nasdaq.com/symbol/rox
CAW,"CCA Industries, Inc.",3.38,$23.68M,n/a,Consumer Non-Durables,Package Goods/Cosmetics,http://www.nasdaq.com/symbol/caw
CVM,Cel-Sci Corporation,0.4601,$62.08M,n/a,Health Care,Biotechnology: Biological Products (No Diagnostic Substances),http://www.nasdaq.com/symbol/cvm
CVM.WS,Cel-Sci Corporation,n/a,n/a,n/a,n/a,n/a,http://www.nasdaq.com/symbol/cvm.ws
CEF,Central Fund of Canada Limited,13.43,$3.42B,n/a,n/a,n/a,http://www.nasdaq.com/symbol/cef
CET,Central Securities Corporation,19.8,$490.45M,n/a,n/a,n/a,http://www.nasdaq.com/symbol/cet
LEU,Centrus Energy Corp.,3.41,$30.69M,2014,Basic Industries,Mining & Quarrying of Nonmetallic Minerals (No Fuels),http://www.nasdaq.com/symbol/leu
CCF,Chase Corporation,63.89,$590.6M,n/a,Consumer Durables,Building Products,http://www.nasdaq.com/symbol/ccf
CQH,"Cheniere Energy Partners LP Holdings, LLC",19.89,$4.61B,2013,Public Utilities,Oil/Gas Transmission,http://www.nasdaq.com/symbol/cqh
CQP,"Cheniere Energy Partners, LP",29.51,$9.97B,2007,Public Utilities,Oil/Gas Transmission,http://www.nasdaq.com/symbol/cqp
LNG,"Cheniere Energy, Inc.",35.43,$8.34B,n/a,Public Utilities,Oil/Gas Transmission,http://www.nasdaq.com/symbol/lng
CVR,Chicago Rivet & Machine Co.,27.8001,$26.86M,n/a,Technology,Industrial Machinery/Components,http://www.nasdaq.com/symbol/cvr
CNR,China Metro-Rural Holdings Limited,0.9874,$72.62M,n/a,Finance,Real Estate,http://www.nasdaq.com/symbol/cnr
CPHI,"China Pharma Holdings, Inc.",0.3034,$13.22M,n/a,Health Care,Major Pharmaceuticals,http://www.nasdaq.com/symbol/cphi
CKX,"CKX Lands, Inc.",11.12,$21.6M,n/a,Energy,Oil & Gas Production,http://www.nasdaq.com/symbol/ckx
GLV,Clough Global Allocation Fund,11.51,$119.62M,2004,n/a,n/a,http://www.nasdaq.com/symbol/glv
GLQ,Clough Global Equity Fund,10.56,$186.42M,2005,n/a,n/a,http://www.nasdaq.com/symbol/glq
GLO,Clough Global Opportunities Fund,9.24,$476.54M,2006,n/a,n/a,http://www.nasdaq.com/symbol/glo
MOC,Command Security Corporation,2.5,$24.48M,n/a,Consumer Services,Diversified Commercial Services,http://www.nasdaq.com/symbol/moc
CIX,CompX International Inc.,11.4,$141.49M,1998,Capital Goods,Industrial Machinery/Components,http://www.nasdaq.com/symbol/cix
LODE,"Comstock Mining, Inc.",0.3547,$63.45M,n/a,Basic Industries,Precious Metals,http://www.nasdaq.com/symbol/lode
CTO,Consolidated-Tomoka Land Co.,46.72,$272.34M,n/a,Finance,Real Estate,http://www.nasdaq.com/symbol/cto
MCF,Contango Oil & Gas Company,13.76,$269.51M,n/a,Energy,Oil & Gas Production,http://www.nasdaq.com/symbol/mcf
CUO,Continental Materials Corporation,15.22,$25.47M,n/a,Capital Goods,Building Materials,http://www.nasdaq.com/symbol/cuo
CMT,Core Molding Technologies Inc,13.61,$104.87M,n/a,Consumer Non-Durables,Plastic Products,http://www.nasdaq.com/symbol/cmt
CVRS,"Corindus Vascular Robotics, Inc.",1.3,$154.61M,2015,Health Care,Medical/Dental Instruments,http://www.nasdaq.com/symbol/cvrs
CRMD,CorMedix Inc,2.15,$77.87M,n/a,Health Care,Major Pharmaceuticals,http://www.nasdaq.com/symbol/crmd
CRF,"Cornerstone Strategic Return Fund, Inc. (The)",16.29,$124.8M,n/a,n/a,n/a,http://www.nasdaq.com/symbol/crf
CLM,"Cornerstone Strategic Value Fund, Inc.",16.27,$348.3M,1987,n/a,n/a,http://www.nasdaq.com/symbol/clm
CVU,"CPI Aerostructures, Inc.",6.22,$53.56M,n/a,Capital Goods,Military/Government/Technical,http://www.nasdaq.com/symbol/cvu
CIK,"Credit Suisse Asset Management Income Fund, Inc.",2.94,$153.69M,n/a,n/a,n/a,http://www.nasdaq.com/symbol/cik
DHY,Credit Suisse High Yield Bond Fund,2.42,$241.77M,1998,n/a,n/a,http://www.nasdaq.com/symbol/dhy
CRHM,CRH Medical Corporation,3.67,$262.22M,2015,Health Care,Medical/Dental Instruments,http://www.nasdaq.com/symbol/crhm
CRVP,"Crystal Rock Holdings, Inc.",0.72,$15.38M,n/a,Consumer Non-Durables,Food Distributors,http://www.nasdaq.com/symbol/crvp
DAKP,"Dakota Plains Holdings, Inc.",0.1275,$7.03M,n/a,Energy,Oil Refining/Marketing,http://www.nasdaq.com/symbol/dakp
DXR,Daxor Corporation,7.7612,$29.9M,n/a,Health Care,Medical/Dental Instruments,http://www.nasdaq.com/symbol/dxr
VCF,"Delaware Investments Colorado Municipal Income Fund, Inc",15.59,$75.41M,1993,n/a,n/a,http://www.nasdaq.com/symbol/vcf
VFL,Delaware Investments Florida Insured Municipal Income Fund,14.47,$65.53M,1993,n/a,n/a,http://www.nasdaq.com/symbol/vfl
VMM,"Delaware Investments Minnesota Municipal Income Fund II, Inc.",15.33,$176.37M,1993,n/a,n/a,http://www.nasdaq.com/symbol/vmm
DLA,"Delta Apparel, Inc.",21.9,$168.93M,n/a,Consumer Non-Durables,Apparel,http://www.nasdaq.com/symbol/dla
DNN,Denison Mine Corp,0.5678,$302.96M,n/a,Basic Industries,Precious Metals,http://www.nasdaq.com/symbol/dnn
DGSE,"DGSE Companies, Inc.",0.7,$8.63M,n/a,Consumer Services,Consumer Specialties,http://www.nasdaq.com/symbol/dgse
DPW,Digital Power Corporation,0.4479,$3.03M,n/a,Capital Goods,Industrial Machinery/Components,http://www.nasdaq.com/symbol/dpw
DSS,"Document Security Systems, Inc.",0.1998,$10.37M,n/a,Consumer Durables,Containers/Packaging,http://www.nasdaq.com/symbol/dss
DMF,"Dreyfus Municipal Income, Inc.",9.8049,$203.26M,1988,n/a,n/a,http://www.nasdaq.com/symbol/dmf
DXI,DXI Energy Inc.,0.1351,$4.93M,n/a,Energy,Oil & Gas Production,http://www.nasdaq.com/symbol/dxi
GRF,"Eagle Capital Growth Fund, Inc.",8.06,$26.3M,n/a,n/a,n/a,http://www.nasdaq.com/symbol/grf
ESTE,"Earthstone Energy, Inc.",10.43,$144.3M,n/a,Energy,Oil & Gas Production,http://www.nasdaq.com/symbol/este
EVM,Eaton Vance California Municipal Bond Fund,13.14,$281.08M,2002,n/a,n/a,http://www.nasdaq.com/symbol/evm
EIA,Eaton Vance California Municipal Bond Fund II,13.4201,$134.38M,2002,n/a,n/a,http://www.nasdaq.com/symbol/eia
CEV,Eaton Vance California Municipal Income Trust,14.15,$102.65M,1999,n/a,n/a,http://www.nasdaq.com/symbol/cev
EVV,Eaton Vance Limited Duration Income Fund,13.3,$1.54B,2003,n/a,n/a,http://www.nasdaq.com/symbol/evv
MAB,Eaton Vance Massachusetts Municipal Bond Fund,15.3942,$27.22M,2002,n/a,n/a,http://www.nasdaq.com/symbol/mab
MMV,Eaton Vance Massachusetts Municipal Income Trust,15.129,$41.41M,1999,n/a,n/a,http://www.nasdaq.com/symbol/mmv
MIW,Eaton Vance Michigan Municipal Bond Fund,15.539,$23.31M,2002,n/a,n/a,http://www.nasdaq.com/symbol/miw
EMI,Eaton Vance Michigan Municipal Income Trust,14.24,$28.67M,1999,n/a,n/a,http://www.nasdaq.com/symbol/emi
EIM,Eaton Vance Municipal Bond Fund,13.91,$948.22M,2002,n/a,n/a,http://www.nasdaq.com/symbol/eim
EIV,Eaton Vance Municipal Bond Fund II,13.79,$138.08M,2002,n/a,n/a,http://www.nasdaq.com/symbol/eiv
EMJ,Eaton Vance New Jersey Municipal Bond Fund,14.69,$37.89M,2002,n/a,n/a,http://www.nasdaq.com/symbol/emj
EVJ,Eaton Vance New Jersey Municipal Income Trust,14.2,$65.29M,1999,n/a,n/a,http://www.nasdaq.com/symbol/evj
ENX,Eaton Vance New York Municipal Bond Fund,14.51,$227.21M,2002,n/a,n/a,http://www.nasdaq.com/symbol/enx
NYH,Eaton Vance New York Municipal Bond Fund II,14.15,$36.17M,2002,n/a,n/a,http://www.nasdaq.com/symbol/nyh
EVY,Eaton Vance New York Municipal Income Trust,14.75,$80.76M,1999,n/a,n/a,http://www.nasdaq.com/symbol/evy
EIO,Eaton Vance Ohio Municipal Bond Fund,15.94,$40.44M,2002,n/a,n/a,http://www.nasdaq.com/symbol/eio
EVO,Eaton Vance Ohio Municipal Income Trust,15.6,$44.57M,1999,n/a,n/a,http://www.nasdaq.com/symbol/evo
EIP,Eaton Vance Pennsylvania Municipal Bond Fund,14.28,$42.27M,2002,n/a,n/a,http://www.nasdaq.com/symbol/eip
EVP,Eaton Vance Pennsylvania Municipal Income Trust,13.16,$34.23M,1999,n/a,n/a,http://www.nasdaq.com/symbol/evp
ELMD,"Electromed, Inc.",3.9,$31.93M,2011,Health Care,Biotechnology: Electromedical & Electrotherapeutic Apparatus,http://www.nasdaq.com/symbol/elmd
ETAK,Elephant Talk Communications Corp.,0.17,$27.89M,n/a,Technology,EDP Services,http://www.nasdaq.com/symbol/etak
ELLO,Ellomay Capital Ltd.,7.51,$80.2M,n/a,Public Utilities,Electric Utilities: Central,http://www.nasdaq.com/symbol/ello
ECF,Ellsworth Growth and Income Fund Ltd.,7.77,$101.87M,1986,n/a,n/a,http://www.nasdaq.com/symbol/ecf
EMAN,eMagin Corporation,2.0099,$59.07M,n/a,Technology,Semiconductors,http://www.nasdaq.com/symbol/eman
MSN,Emerson Radio Corporation,0.63,$17.09M,n/a,Consumer Non-Durables,Consumer Electronics/Appliances,http://www.nasdaq.com/symbol/msn
UUUU,Energy Fuels Inc,2.53,$145.92M,n/a,Basic Industries,Mining & Quarrying of Nonmetallic Minerals (No Fuels),http://www.nasdaq.com/symbol/uuuu
ENRJ,"EnerJex Resources, Inc.",0.29,$2.44M,n/a,Energy,Oil & Gas Production,http://www.nasdaq.com/symbol/enrj
ENRJ^,"EnerJex Resources, Inc.",0.95,n/a,n/a,n/a,n/a,http://www.nasdaq.com/symbol/enrj^
ENSV,ENSERVCO Corporation,0.67,$25.55M,n/a,Energy,Oilfield Services/Equipment,http://www.nasdaq.com/symbol/ensv
ESNC,"EnSync, Inc.",0.3281,$15.64M,n/a,Public Utilities,Electric Utilities: Central,http://www.nasdaq.com/symbol/esnc
EGI,Entree Gold Inc,0.2939,$44.85M,n/a,Basic Industries,Precious Metals,http://www.nasdaq.com/symbol/egi
EVI,"EnviroStarm, Inc.",3.9101,$27.5M,n/a,Consumer Services,Other Consumer Services,http://www.nasdaq.com/symbol/evi
ERB,"ERBA Diagnostics, Inc.",0.82,$36.15M,n/a,Health Care,Major Pharmaceuticals,http://www.nasdaq.com/symbol/erb
ERN,Erin Energy Corp.,2.33,$494.62M,n/a,Energy,Oil & Gas Production,http://www.nasdaq.com/symbol/ern
ESP,Espey Mfg. & Electronics Corp.,25.95,$61.36M,n/a,Capital Goods,Industrial Machinery/Components,http://www.nasdaq.com/symbol/esp
EMXX,Eurasian Minerals Inc.,0.89,$65.68M,n/a,Basic Industries,Precious Metals,http://www.nasdaq.com/symbol/emxx
EVBN,"Evans Bancorp, Inc.",24.96,$106.94M,n/a,Finance,Major Banks,http://www.nasdaq.com/symbol/evbn
EPM,"Evolution Petroleum Corporation, Inc.",5.49,$180.67M,n/a,Energy,Oil & Gas Production,http://www.nasdaq.com/symbol/epm
EPM^A,"Evolution Petroleum Corporation, Inc.",25.74,n/a,n/a,n/a,n/a,http://www.nasdaq.com/symbol/epm^a
XRA,Exeter Resource Corporation,0.8401,$74.3M,n/a,Basic Industries,Mining & Quarrying of Nonmetallic Minerals (No Fuels),http://www.nasdaq.com/symbol/xra
FPP,FieldPoint Petroleum Corporation,0.72,$6.4M,n/a,Energy,Oil & Gas Production,http://www.nasdaq.com/symbol/fpp
FPP.WS,FieldPoint Petroleum Corporation,n/a,n/a,n/a,n/a,n/a,http://www.nasdaq.com/symbol/fpp.ws
FEN,First Trust Energy Income and Growth Fund,24.89,$481.75M,2004,n/a,n/a,http://www.nasdaq.com/symbol/fen
BDL,"Flanigan&#39;s Enterprises, Inc.",21.95,$40.8M,n/a,Consumer Services,Restaurants,http://www.nasdaq.com/symbol/bdl
FSI,Flexible Solutions International Inc.,1.47,$16.8M,n/a,Basic Industries,Major Chemicals,http://www.nasdaq.com/symbol/fsi
FTF,Franklin Limited Duration Income Trust,11.65,$312.64M,2003,n/a,n/a,http://www.nasdaq.com/symbol/ftf
FSP,Franklin Street Properties Corp.,11.9,$1.19B,n/a,Consumer Services,Real Estate Investment Trusts,http://www.nasdaq.com/symbol/fsp
FRD,Friedman Industries Inc.,5.92,$40.25M,n/a,Capital Goods,Steel/Iron Ore,http://www.nasdaq.com/symbol/frd
GGN,"GAMCO Global Gold, Natural Reources & Income Trust ",6.35,$715.3M,2005,n/a,n/a,http://www.nasdaq.com/symbol/ggn
GGN^B,"GAMCO Global Gold, Natural Reources & Income Trust ",23.8,n/a,n/a,n/a,n/a,http://www.nasdaq.com/symbol/ggn^b
EGAS,Gas Natural Inc.,7.01,$73.69M,n/a,Public Utilities,Oil/Gas Transmission,http://www.nasdaq.com/symbol/egas
GST,Gastar Exploration Inc.,0.95,$77.63M,n/a,Energy,Oil & Gas Production,http://www.nasdaq.com/symbol/gst
GST^A,Gastar Exploration Inc.,9.8499,n/a,n/a,n/a,n/a,http://www.nasdaq.com/symbol/gst^a
GST^B,Gastar Exploration Inc.,10.4,n/a,n/a,n/a,n/a,http://www.nasdaq.com/symbol/gst^b
JOB,"General Employment Enterprises, Inc.",3.99,$37.42M,n/a,Technology,Diversified Commercial Services,http://www.nasdaq.com/symbol/job
GMO,"General Moly, Inc",0.3625,$32.97M,n/a,Basic Industries,Precious Metals,http://www.nasdaq.com/symbol/gmo
GIG,"GigPeak, Inc.",2.11,$113.27M,n/a,Technology,Semiconductors,http://www.nasdaq.com/symbol/gig
GSB,"GlobalSCAPE, Inc.",3.69,$77.63M,n/a,Technology,Computer Software: Prepackaged Software,http://www.nasdaq.com/symbol/gsb
GSAT,"Globalstar, Inc.",1.22,$1.27B,2006,Consumer Services,Telecommunications Equipment,http://www.nasdaq.com/symbol/gsat
GLOW,"Glowpoint, Inc.",0.3478,$12.47M,n/a,Public Utilities,Telecommunications Equipment,http://www.nasdaq.com/symbol/glow
GORO,Gold Resource Corporation,3.32,$180.17M,n/a,Basic Industries,Precious Metals,http://www.nasdaq.com/symbol/goro
GSV,Gold Standard Ventures Corporation,1.67,$345.41M,n/a,Basic Industries,Mining & Quarrying of Nonmetallic Minerals (No Fuels),http://www.nasdaq.com/symbol/gsv
AUMN,Golden Minerals Company,0.5201,$44.05M,n/a,Basic Industries,Precious Metals,http://www.nasdaq.com/symbol/aumn
GSS,"Golden Star Resources, Ltd",0.596,$168.46M,n/a,Basic Industries,Precious Metals,http://www.nasdaq.com/symbol/gss
GV,Goldfield Corporation (The),3.09,$78.64M,n/a,Basic Industries,Water Supply,http://www.nasdaq.com/symbol/gv
GRC,Gorman-Rupp Company (The),27.68,$721.99M,n/a,Capital Goods,Fluid Controls,http://www.nasdaq.com/symbol/grc
GTE,Gran Tierra Energy Inc.,3.42,$984.83M,n/a,Energy,Oil & Gas Production,http://www.nasdaq.com/symbol/gte
GPL,Great Panther Silver Limited,1.52,$218.37M,n/a,Basic Industries,Precious Metals,http://www.nasdaq.com/symbol/gpl
SIM,"Grupo Simec, S.A. de C.V.",7.36,$1.22B,1993,Basic Industries,Steel/Iron Ore,http://www.nasdaq.com/symbol/sim
GVP,"GSE Systems, Inc.",2.25,$40.57M,n/a,Technology,Computer Software: Prepackaged Software,http://www.nasdaq.com/symbol/gvp
HCHC,"HC2 Holdings, Inc.",4.32,$153.45M,n/a,Public Utilities,Telecommunications Equipment,http://www.nasdaq.com/symbol/hchc
HEB,"Hemispherx BioPharma, Inc.",0.1236,$30.64M,n/a,Health Care,Biotechnology: Biological Products (No Diagnostic Substances),http://www.nasdaq.com/symbol/heb
HLM^,Hillman Group Capital Trust,32.233,n/a,n/a,n/a,n/a,http://www.nasdaq.com/symbol/hlm^
HMG,"HMG/Courtland Properties, Inc.",9.74,$10.09M,n/a,Consumer Services,Real Estate Investment Trusts,http://www.nasdaq.com/symbol/hmg
HH,"Hooper Holmes, Inc.",1.4,$11.97M,n/a,Health Care,Hospital/Nursing Management,http://www.nasdaq.com/symbol/hh
HUSA,Houston American Energy Corporation,0.2516,$12.96M,n/a,Energy,Oil & Gas Production,http://www.nasdaq.com/symbol/husa
IBIO,"iBio, Inc.",0.6499,$57.91M,n/a,Health Care,Major Pharmaceuticals,http://www.nasdaq.com/symbol/ibio
IBO,IBO (Listing Market - NYSE Amex Network B F),153.82,n/a,n/a,n/a,n/a,http://www.nasdaq.com/symbol/ibo
IDI,"IDI, Inc.",4.65,$218.2M,n/a,Consumer Services,Advertising,http://www.nasdaq.com/symbol/idi
IEC,IEC Electronics Corp.,4.26,$43.71M,n/a,Technology,Electrical Products,http://www.nasdaq.com/symbol/iec
IMUC,"ImmunoCellular Therapeutics, Ltd.",0.2518,$23.47M,n/a,Health Care,Major Pharmaceuticals,http://www.nasdaq.com/symbol/imuc
IMH,"Impac Mortgage Holdings, Inc.",14.6,$179.91M,1997,Consumer Services,Real Estate Investment Trusts,http://www.nasdaq.com/symbol/imh
IMO,Imperial Oil Limited,31.47,$26.67B,n/a,Energy,Integrated oil Companies,http://www.nasdaq.com/symbol/imo
IOT,"Income Opportunity Realty Investors, Inc.",7.0055,$29.2M,n/a,Consumer Services,Real Estate Investment Trusts,http://www.nasdaq.com/symbol/iot
IRT,"Independence Realty Trust, Inc.",7.62,$361.63M,2013,Consumer Services,Real Estate Investment Trusts,http://www.nasdaq.com/symbol/irt
IGC,India Globalization Capital Inc.,0.5,$8.98M,n/a,Consumer Non-Durables,Electronic Components,http://www.nasdaq.com/symbol/igc
INFU,"InfuSystems Holdings, Inc.",2.8,$63.35M,n/a,Health Care,Medical/Dental Instruments,http://www.nasdaq.com/symbol/infu
IHT,InnSuites Hospitality Trust,2.29,$21.41M,n/a,Consumer Services,Real Estate Investment Trusts,http://www.nasdaq.com/symbol/iht
NSPR,"InspireMD, Inc.",0.3498,$3.75M,n/a,Health Care,Medical/Dental Instruments,http://www.nasdaq.com/symbol/nspr
IFMI,"Institutional Financial Markets, Inc.",0.86,$10.52M,n/a,Finance,Investment Bankers/Brokers/Service,http://www.nasdaq.com/symbol/ifmi
IDN,"Intellicheck Mobilisa, Inc.",1.5,$13.47M,1999,Technology,Computer Software: Prepackaged Software,http://www.nasdaq.com/symbol/idn
INS,Intelligent Systems Corporation,3.7,$32.31M,1992,Capital Goods,Metal Fabrications,http://www.nasdaq.com/symbol/ins
THM,International Tower Hill Mines Ltd,0.5701,$66.31M,n/a,Basic Industries,Precious Metals,http://www.nasdaq.com/symbol/thm
INTT,inTest Corporation,4.01,$41.81M,1997,Capital Goods,Electrical Products,http://www.nasdaq.com/symbol/intt
INUV,"Inuvo, Inc",1.6616,$40.66M,n/a,Consumer Services,Advertising,http://www.nasdaq.com/symbol/inuv
VKI,Invesco Advantage Municipal Income Trust II,12.98,$576.06M,n/a,n/a,n/a,http://www.nasdaq.com/symbol/vki
ISR,"IsoRay, Inc.",0.925,$50.88M,n/a,Health Care,Medical/Dental Instruments,http://www.nasdaq.com/symbol/isr
ISDR,Issuer Direct Corporation,6.21,$17.35M,n/a,Miscellaneous,Publishing,http://www.nasdaq.com/symbol/isdr
JRJR,"JRjr33, Inc.",1.0501,$36.09M,2014,Consumer Services,Other Consumer Services,http://www.nasdaq.com/symbol/jrjr
KIQ,Kelso Technologies Inc,0.89,$41M,n/a,Capital Goods,Railroads,http://www.nasdaq.com/symbol/kiq
KLDX,Klondex Mines Ltd.,3.46,$490.84M,n/a,Basic Industries,Precious Metals,http://www.nasdaq.com/symbol/kldx
LTS,Ladenburg Thalmann Financial Services Inc,2.46,$450.5M,n/a,Finance,Investment Bankers/Brokers/Service,http://www.nasdaq.com/symbol/lts
LTS^A,Ladenburg Thalmann Financial Services Inc,23.85,n/a,n/a,n/a,n/a,http://www.nasdaq.com/symbol/lts^a
LAQ,"Latin America Equity Fund, Inc. (The)",19.01,$141.6M,1991,n/a,n/a,http://www.nasdaq.com/symbol/laq
LGL,"LGL Group, Inc. (The)",3.2301,$8.61M,n/a,Capital Goods,Industrial Machinery/Components,http://www.nasdaq.com/symbol/lgl
LBY,"Libbey, Inc.",17.2,$374.28M,1993,Capital Goods,Industrial Machinery/Components,http://www.nasdaq.com/symbol/lby
LIQT,"LiqTech International, Inc.",0.68,$26.88M,n/a,Technology,Industrial Machinery/Components,http://www.nasdaq.com/symbol/liqt
LEI,"Lucas Energy, Inc.",4.12,$6.05M,n/a,Energy,Oil & Gas Production,http://www.nasdaq.com/symbol/lei
MCZ,Mad Catz Interactive Inc,0.2198,$16.15M,n/a,Consumer Non-Durables,Recreational Products/Toys,http://www.nasdaq.com/symbol/mcz
MVG,Mag Silver Corporation,12.73,$1.02B,n/a,Basic Industries,Precious Metals,http://www.nasdaq.com/symbol/mvg
MJCO,Majesco,5.13,$187M,2015,Technology,Computer Software: Prepackaged Software,http://www.nasdaq.com/symbol/mjco
MSTX,"Mast Therapeutics, Inc.",0.438,$84.46M,n/a,Health Care,Major Pharmaceuticals,http://www.nasdaq.com/symbol/mstx
MHH,"Mastech Holdings, Inc",6.41,$27.9M,n/a,Consumer Services,Professional Services,http://www.nasdaq.com/symbol/mhh
MDGN,"Medgenics, Inc.",5.38,$178.67M,2011,Health Care,Biotechnology: Biological Products (No Diagnostic Substances),http://www.nasdaq.com/symbol/mdgn
IPB,"Merrill Lynch & Co., Inc.",27.9,n/a,n/a,Finance,Finance: Consumer Services,http://www.nasdaq.com/symbol/ipb
MXC,Mexco Energy Corporation,2.478,$5.05M,n/a,Energy,Oil & Gas Production,http://www.nasdaq.com/symbol/mxc
CCA,MFS California Insured Municipal Trust,13.42,$37.39M,1999,n/a,n/a,http://www.nasdaq.com/symbol/cca
MGT,MGT Capital Investments Inc,3.11,$74.01M,n/a,Miscellaneous,Multi-Sector Companies,http://www.nasdaq.com/symbol/mgt
MLSS,"Milestone Scientific, Inc.",2.61,$56.6M,2015,Health Care,Industrial Specialties,http://www.nasdaq.com/symbol/mlss
MGH,Minco Gold Corporation,0.2696,$13.67M,n/a,Basic Industries,Precious Metals,http://www.nasdaq.com/symbol/mgh
MGN,"Mines Management, Inc.",0.9989,$34.42M,n/a,Basic Industries,Precious Metals,http://www.nasdaq.com/symbol/mgn
MVF,"MuniVest Fund, Inc.",10.87,$697.48M,n/a,n/a,n/a,http://www.nasdaq.com/symbol/mvf
MZA,"MuniYield Arizona Fund, Inc.",17.55,$80.86M,1993,n/a,n/a,http://www.nasdaq.com/symbol/mza
NNVC,"NanoViricides, Inc.",1.6,$92.76M,n/a,Health Care,Biotechnology: Commercial Physical & Biological Resarch,http://www.nasdaq.com/symbol/nnvc
NHC,National HealthCare Corporation,64.63,$987.01M,n/a,Health Care,Hospital/Nursing Management,http://www.nasdaq.com/symbol/nhc
NAVB,"Navidea Biopharmaceuticals, Inc.",0.6157,$95.81M,n/a,Health Care,Biotechnology: In Vitro & In Vivo Diagnostic Substances,http://www.nasdaq.com/symbol/navb
NTIP,"Network-1 Technologies, Inc.",2.84,$66.16M,n/a,Technology,Computer Software: Prepackaged Software,http://www.nasdaq.com/symbol/ntip
NBW,Neuberger Berman California Intermediate Municipal Fund Inc.,16.5285,$91.6M,2002,n/a,n/a,http://www.nasdaq.com/symbol/nbw
NHS,Neuberger Berman High Yield Strategies Fund,10.96,$214.16M,n/a,n/a,n/a,http://www.nasdaq.com/symbol/nhs
NBH,Neuberger Berman Intermediate Municipal Fund Inc.,16.56,$310.76M,2002,n/a,n/a,http://www.nasdaq.com/symbol/nbh
NML,Neuberger Berman MLP Income Fund Inc.,8.16,$461.42M,2013,n/a,n/a,http://www.nasdaq.com/symbol/nml
NBO,Neuberger Berman New York Intermediate Municipal Fund Inc.,14.65,$74.36M,2002,n/a,n/a,http://www.nasdaq.com/symbol/nbo
NRO,"Neuberger Berman Real Estate Securities Income Fund, Inc.",5.52,$307.95M,2003,n/a,n/a,http://www.nasdaq.com/symbol/nro
UWN,"Nevada Gold & Casinos, Inc.",1.9,$33.75M,n/a,Consumer Services,Services-Misc. Amusement & Recreation,http://www.nasdaq.com/symbol/uwn
NSU,Nevsun Resources Ltd,2.94,$587.53M,n/a,Basic Industries,Precious Metals,http://www.nasdaq.com/symbol/nsu
GBR,"New Concept Energy, Inc",1.56,$3.04M,n/a,Energy,Oil & Gas Production,http://www.nasdaq.com/symbol/gbr
NEN,New England Realty Associates Limited Partnership,57.5,$215.49M,n/a,Consumer Services,Building operators,http://www.nasdaq.com/symbol/nen
NGD,NEW GOLD INC.,4,$2.04B,n/a,Basic Industries,Precious Metals,http://www.nasdaq.com/symbol/ngd
HLTH,Nobilis Health Corp.,2.54,$195.02M,2015,Health Care,Hospital/Nursing Management,http://www.nasdaq.com/symbol/hlth
NSAT,Norsat International Inc.,6.16,$35.92M,n/a,Capital Goods,Industrial Machinery/Components,http://www.nasdaq.com/symbol/nsat
NAK,"Northern Dynasty Minerals, Ltd.",0.313,$81.43M,n/a,Basic Industries,Precious Metals,http://www.nasdaq.com/symbol/nak
NOG,"Northern Oil and Gas, Inc.",4.85,$313.37M,n/a,Energy,Oil & Gas Production,http://www.nasdaq.com/symbol/nog
NBY,"NovaBay Pharmaceuticals, Inc.",2.61,$23.89M,2007,Health Care,Major Pharmaceuticals,http://www.nasdaq.com/symbol/nby
NCQ,NovaCopper Inc.,0.5,$52.49M,n/a,Basic Industries,Precious Metals,http://www.nasdaq.com/symbol/ncq
NG,Novagold Resources Inc.,6.3,$2.02B,n/a,Basic Industries,Precious Metals,http://www.nasdaq.com/symbol/ng
NTN,"NTN Buzztime, Inc.",10.23,$1.89B,n/a,Consumer Services,Broadcasting,http://www.nasdaq.com/symbol/ntn
NVX,Nuveen California Dividend Advantage Municipal Fund 2,16.73,$246.94M,2001,n/a,n/a,http://www.nasdaq.com/symbol/nvx
NZH,Nuveen California Dividend Advantage Municipal Fund 3,15.79,$381.36M,n/a,n/a,n/a,http://www.nasdaq.com/symbol/nzh
NCB,Nuveen California Municipal Value Fund 2,17.9415,$59M,n/a,n/a,n/a,http://www.nasdaq.com/symbol/ncb
CFD,Nuveen Diversified Commodity Fund,9.77,$88.39M,2010,n/a,n/a,http://www.nasdaq.com/symbol/cfd
CTF,Nuveen Long/Short Commodity Total Return Fund,15.06,$246.17M,n/a,n/a,n/a,http://www.nasdaq.com/symbol/ctf
NOM,Nuveen Missouri Premium Income Municipal Fund,16.7482,$39.12M,1993,n/a,n/a,http://www.nasdaq.com/symbol/nom
NMZ,Nuveen Municipal High Income Opportunity Fund,14.67,$734.74M,2003,n/a,n/a,http://www.nasdaq.com/symbol/nmz
NJV,Nuveen New Jersey Municipal Value Fund,15.7,$24.34M,n/a,n/a,n/a,http://www.nasdaq.com/symbol/njv
NYV,Nuveen New York Municipal Value Fund 2,16.27,$38.23M,2009,n/a,n/a,http://www.nasdaq.com/symbol/nyv
NPN,Nuveen Pennsylvania Municipal Value Fund,16.45,$20.06M,2009,n/a,n/a,http://www.nasdaq.com/symbol/npn
JRS,Nuveen Real Estate Fund,11.415,$329.81M,2001,n/a,n/a,http://www.nasdaq.com/symbol/jrs
OCX,OncoCyte Corporation,4,$101.72M,2015,Health Care,Biotechnology: In Vitro & In Vivo Diagnostic Substances,http://www.nasdaq.com/symbol/ocx
OGEN,"Oragenics, Inc.",0.55,$22.03M,n/a,Health Care,Major Pharmaceuticals,http://www.nasdaq.com/symbol/ogen
TIS,Orchids Paper Products Company,34.86,$358.23M,2005,Basic Industries,Paper,http://www.nasdaq.com/symbol/tis
ONVO,"Organovo Holdings, Inc.",3.26,$301.2M,n/a,Health Care,Biotechnology: Biological Products (No Diagnostic Substances),http://www.nasdaq.com/symbol/onvo
ONP,"Orient Paper, Inc.",1.058,$22.69M,n/a,Consumer Durables,Containers/Packaging,http://www.nasdaq.com/symbol/onp
OSG,"Overseas Shipholding Group, Inc.",11.79,$788.19M,2015,Transportation,Marine Transportation,http://www.nasdaq.com/symbol/osg
ORM,"Owens Realty Mortgage, Inc.",16.36,$167.65M,2013,Consumer Services,Real Estate Investment Trusts,http://www.nasdaq.com/symbol/orm
PHF,"Pacholder High Yield Fund, Inc.",7.15,$92.93M,n/a,n/a,n/a,http://www.nasdaq.com/symbol/phf
PCG^A,Pacific Gas & Electric Co.,31.66,n/a,n/a,n/a,n/a,http://www.nasdaq.com/symbol/pcg^a
PCG^B,Pacific Gas & Electric Co.,28.8,n/a,n/a,n/a,n/a,http://www.nasdaq.com/symbol/pcg^b
PCG^C,Pacific Gas & Electric Co.,27.75,n/a,n/a,n/a,n/a,http://www.nasdaq.com/symbol/pcg^c
PCG^D,Pacific Gas & Electric Co.,25.85,n/a,n/a,n/a,n/a,http://www.nasdaq.com/symbol/pcg^d
PCG^E,Pacific Gas & Electric Co.,26.356,n/a,n/a,n/a,n/a,http://www.nasdaq.com/symbol/pcg^e
PCG^G,Pacific Gas & Electric Co.,26.35,n/a,n/a,n/a,n/a,http://www.nasdaq.com/symbol/pcg^g
PCG^H,Pacific Gas & Electric Co.,27,n/a,n/a,n/a,n/a,http://www.nasdaq.com/symbol/pcg^h
PCG^I,Pacific Gas & Electric Co.,25.2005,n/a,n/a,n/a,n/a,http://www.nasdaq.com/symbol/pcg^i
PTN,"Palatin Technologies, Inc.",0.47,$31.98M,n/a,Health Care,Major Pharmaceuticals,http://www.nasdaq.com/symbol/ptn
PARR,"Par Pacific Holdings, Inc.",16.21,$666.33M,n/a,Energy,Oil & Gas Production,http://www.nasdaq.com/symbol/parr
PZG,Paramount Gold Nevada Corp.,1.58,$13.46M,2015,Basic Industries,Precious Metals,http://www.nasdaq.com/symbol/pzg
PRK,Park National Corporation,90.82,$1.39B,n/a,Finance,Major Banks,http://www.nasdaq.com/symbol/prk
PED,Pedevco Corp.,0.2337,$11.63M,n/a,Energy,Oil & Gas Production,http://www.nasdaq.com/symbol/ped
PFNX,Pfenex Inc.,8.02,$187.48M,2014,Health Care,Major Pharmaceuticals,http://www.nasdaq.com/symbol/pfnx
PIP,"PharmAthene, Inc",2.25,$147.58M,n/a,Health Care,Major Pharmaceuticals,http://www.nasdaq.com/symbol/pip
HNW,Pioneer Diversified High Income Trust,15.64,$130.32M,2007,n/a,n/a,http://www.nasdaq.com/symbol/hnw
PLG,Platinum Group Metals Ltd.,2.91,$257.81M,n/a,Basic Industries,Precious Metals,http://www.nasdaq.com/symbol/plg
PLM,Polymet Mining Corp.,0.8039,$223.22M,n/a,Basic Industries,Precious Metals,http://www.nasdaq.com/symbol/plm
PW,Power REIT,4.56,$8.14M,n/a,Consumer Services,Real Estate Investment Trusts,http://www.nasdaq.com/symbol/pw
PW^A,Power REIT,25.7,n/a,n/a,n/a,n/a,http://www.nasdaq.com/symbol/pw^a
PLX,"Protalix BioTherapeutics, Inc.",0.76,$75.85M,n/a,Health Care,Biotechnology: Biological Products (No Diagnostic Substances),http://www.nasdaq.com/symbol/plx
PVCT,"Provectus Biopharmaceuticals, Inc.",0.35,$74.49M,n/a,Health Care,Major Pharmaceuticals,http://www.nasdaq.com/symbol/pvct
PVCT.WS,"Provectus Biopharmaceuticals, Inc.",n/a,n/a,n/a,n/a,n/a,http://www.nasdaq.com/symbol/pvct.ws
RLGT,"Radiant Logistics, Inc.",3.33,$162.42M,n/a,Transportation,Oil Refining/Marketing,http://www.nasdaq.com/symbol/rlgt
RLGT^A,"Radiant Logistics, Inc.",26.29,n/a,n/a,n/a,n/a,http://www.nasdaq.com/symbol/rlgt^a
UTG,Reaves Utility Income Fund,31.16,$981.61M,2004,n/a,n/a,http://www.nasdaq.com/symbol/utg
REED,"Reeds, Inc.",2.5,$32.96M,n/a,Consumer Non-Durables,Beverages (Production/Distribution),http://www.nasdaq.com/symbol/reed
RWC,RELM Wireless Corporation,5.35,$73.46M,n/a,Technology,Radio And Television Broadcasting And Communications Equipment,http://www.nasdaq.com/symbol/rwc
RCG,"RENN Fund, Inc.",1.0601,$4.73M,n/a,n/a,n/a,http://www.nasdaq.com/symbol/rcg
RVP,"Retractable Technologies, Inc.",2.7488,$81.5M,n/a,Health Care,Medical/Dental Instruments,http://www.nasdaq.com/symbol/rvp
RNN,"Rexahn Pharmaceuticals, Inc.",0.2599,$55.4M,n/a,Health Care,Major Pharmaceuticals,http://www.nasdaq.com/symbol/rnn
RIC,"Richmont Mines, Inc.",8.73,$545.92M,n/a,Basic Industries,Precious Metals,http://www.nasdaq.com/symbol/ric
REI,"Ring Energy, Inc.",9.85,$412.68M,n/a,Energy,Oil & Gas Production,http://www.nasdaq.com/symbol/rei
RIF,RMR Real Estate Income Fund,20.39,$156.01M,n/a,n/a,n/a,http://www.nasdaq.com/symbol/rif
SGA,"Saga Communications, Inc.",44,$257.87M,n/a,Consumer Services,Broadcasting,http://www.nasdaq.com/symbol/sga
SSN,Samson Oil & Gas Limited,0.6992,$11.24M,n/a,Energy,Oil & Gas Production,http://www.nasdaq.com/symbol/ssn
SPP,Sanchez Production Partners LP,10.31,$44.12M,n/a,Energy,Oil & Gas Production,http://www.nasdaq.com/symbol/spp
SAND          ,Sandstorm Gold Ltd,4.45,$615.37M,n/a,Basic Industries,Precious Metals,http://www.nasdaq.com/symbol/sand
SEB,Seaboard Corporation,2855,$3.34B,1996,Finance,Investment Bankers/Brokers/Service,http://www.nasdaq.com/symbol/seb
SENS,"Senseonics Holdings, Inc.",3.86,$358.99M,n/a,Capital Goods,Industrial Machinery/Components,http://www.nasdaq.com/symbol/sens
SVT,"Servotronics, Inc.",8.99,$22.21M,n/a,Capital Goods,Industrial Machinery/Components,http://www.nasdaq.com/symbol/svt
SIF,"SIFCO Industries, Inc.",10.13,$55.37M,n/a,Capital Goods,Aerospace,http://www.nasdaq.com/symbol/sif
SKY,Skyline Corporation,9.07,$76.11M,n/a,Basic Industries,Homebuilding,http://www.nasdaq.com/symbol/sky
XPL,Solitario Exploration & Royalty Corp,0.55,$21.46M,n/a,Basic Industries,Precious Metals,http://www.nasdaq.com/symbol/xpl
SCE^B,Southern California Edison Company,24.9,n/a,n/a,n/a,n/a,http://www.nasdaq.com/symbol/sce^b
SCE^C,Southern California Edison Company,25,n/a,n/a,n/a,n/a,http://www.nasdaq.com/symbol/sce^c
SCE^D,Southern California Edison Company,24.75,n/a,n/a,n/a,n/a,http://www.nasdaq.com/symbol/sce^d
SCE^E,Southern California Edison Company,25.56,n/a,n/a,n/a,n/a,http://www.nasdaq.com/symbol/sce^e
SGB,Southwest Georgia Financial Corporation,14.7005,$37.45M,n/a,Finance,Major Banks,http://www.nasdaq.com/symbol/sgb
LOV,"Spark Networks, Inc.",1.47,$38.05M,n/a,Miscellaneous,Business Services,http://www.nasdaq.com/symbol/lov
STRP,Straight Path Communications Inc.,30.05,$365.93M,2013,Public Utilities,Telecommunications Equipment,http://www.nasdaq.com/symbol/strp
SSY,"SunLink Health Systems, Inc.",0.5299,$5M,n/a,Health Care,Hospital/Nursing Management,http://www.nasdaq.com/symbol/ssy
SDPI,"Superior Drilling Products, Inc.",1.91,$33.35M,2014,Energy,Metal Fabrications,http://www.nasdaq.com/symbol/sdpi
STS,"Supreme Industries, Inc.",12.56,$213.29M,n/a,Capital Goods,Construction/Ag Equipment/Trucks,http://www.nasdaq.com/symbol/sts
SYRG,Synergy Resources Corporation,7.38,$1.1B,n/a,Energy,Oil & Gas Production,http://www.nasdaq.com/symbol/syrg
SYN,"Synthetic Biologics, Inc",1.78,$161.67M,n/a,Health Care,Major Pharmaceuticals,http://www.nasdaq.com/symbol/syn
TRX,Tanzanian Royalty Exploration Corporation,0.5025,$54.37M,n/a,Basic Industries,Precious Metals,http://www.nasdaq.com/symbol/trx
TGB,Taseko Mines Limited,0.5017,$111.29M,n/a,Basic Industries,Precious Metals,http://www.nasdaq.com/symbol/tgb
TIK,Tel-Instrument Electronics Corp.,4.26,$13.87M,n/a,Capital Goods,Electrical Products,http://www.nasdaq.com/symbol/tik
TGC,"Tengasco, Inc.",0.8,$4.87M,n/a,Energy,Oil & Gas Production,http://www.nasdaq.com/symbol/tgc
GLU,The Gabelli Global Utility and Income Trust,18.1599,$74.66M,2004,n/a,n/a,http://www.nasdaq.com/symbol/glu
GLU^A,The Gabelli Global Utility and Income Trust,50.83,n/a,n/a,n/a,n/a,http://www.nasdaq.com/symbol/glu^a
TXMD,"TherapeuticsMD, Inc.",8.62,$1.69B,n/a,Health Care,Major Pharmaceuticals,http://www.nasdaq.com/symbol/txmd
TGD,Timmons Gold Corp,0.3099,$98.88M,2011,Basic Industries,Precious Metals,http://www.nasdaq.com/symbol/tgd
TOF,Tofutti Brands Inc.,2.29,$11.8M,n/a,Consumer Non-Durables,Specialty Foods,http://www.nasdaq.com/symbol/tof
TMP,Tompkins Financial Corporation,67.02,$1.01B,n/a,Finance,Major Banks,http://www.nasdaq.com/symbol/tmp
TAT,Transatlantic Petroleum Ltd,0.94,$38.86M,n/a,Energy,Oil & Gas Production,http://www.nasdaq.com/symbol/tat
TRXC,"TransEnterix, Inc.",1.37,$157.24M,n/a,Health Care,Medical/Dental Instruments,http://www.nasdaq.com/symbol/trxc
TPLM,Triangle Petroleum Corporation,0.3689,$28.15M,n/a,Energy,Oil & Gas Production,http://www.nasdaq.com/symbol/tplm
TPHS,Trinity Place Holdings Inc.,7.16,$182.42M,n/a,Consumer Services,Clothing/Shoe/Accessory Stores,http://www.nasdaq.com/symbol/tphs
TRT,Trio-Tech International,3.9701,$13.95M,n/a,Technology,Industrial Machinery/Components,http://www.nasdaq.com/symbol/trt
HTM,U.S. Geothermal Inc.,0.79,$88.11M,n/a,Public Utilities,Electric Utilities: Central,http://www.nasdaq.com/symbol/htm
UFAB,"Unique Fabricating, Inc.",13.97,$135.5M,2015,Capital Goods,Auto Parts:O.E.M.,http://www.nasdaq.com/symbol/ufab
UAMY,United States Antimony Corporation,0.2301,$15.39M,n/a,Capital Goods,Metal Fabrications,http://www.nasdaq.com/symbol/uamy
UUU,"Universal Security Instruments, Inc.",3.61,$8.35M,n/a,Consumer Non-Durables,Electronic Components,http://www.nasdaq.com/symbol/uuu
UQM,UQM TECHNOLOGIES INC,0.688,$33.32M,n/a,Capital Goods,Industrial Machinery/Components,http://www.nasdaq.com/symbol/uqm
URG,Ur Energy Inc,0.56,$80.33M,n/a,Basic Industries,Precious Metals,http://www.nasdaq.com/symbol/urg
UEC,Uranium Energy Corp.,0.9855,$114.73M,n/a,Basic Industries,Precious Metals,http://www.nasdaq.com/symbol/uec
VSR,"Versar, Inc.",1.24,$12.27M,1986,Consumer Services,Military/Government/Technical,http://www.nasdaq.com/symbol/vsr
VII,"Vicon Industries, Inc.",0.5725,$5.35M,n/a,Consumer Durables,Telecommunications Equipment,http://www.nasdaq.com/symbol/vii
VHC,VirnetX Holding Corp,4.15,$231M,n/a,Miscellaneous,Multi-Sector Companies,http://www.nasdaq.com/symbol/vhc
VGZ,Vista Gold Corporation,1.24,$102.8M,n/a,Basic Industries,Precious Metals,http://www.nasdaq.com/symbol/vgz
VNRX,VolitionRX Limited,3.37,$78.86M,2015,Health Care,Biotechnology: In Vitro & In Vivo Diagnostic Substances,http://www.nasdaq.com/symbol/vnrx
VISI,"Volt Information Sciences, Inc.",5.98,$124.58M,n/a,Technology,Professional Services,http://www.nasdaq.com/symbol/visi
EAD,Wells Fargo Income Opportunities Fund,7.89,$560.06M,2003,n/a,n/a,http://www.nasdaq.com/symbol/ead
ERC,Wells Fargo Multi-Sector Income Fund,12.51,$526.11M,2003,n/a,n/a,http://www.nasdaq.com/symbol/erc
ERH,Wells Fargo Utilities and High Income Fund,12.94,$119.47M,2004,n/a,n/a,http://www.nasdaq.com/symbol/erh
SBI,Western Asset Intermediate Muni Fund Inc,10.45,$147.1M,1992,n/a,n/a,http://www.nasdaq.com/symbol/sbi
WRN,Western Copper and Gold Corporation,0.7161,$67.45M,2011,Basic Industries,Precious Metals,http://www.nasdaq.com/symbol/wrn
WYY,WidePoint Corporation,0.6305,$52.16M,n/a,Technology,EDP Services,http://www.nasdaq.com/symbol/wyy
WTT,"Wireless Telecom Group,  Inc.",1.38,$25.66M,n/a,Capital Goods,Electrical Products,http://www.nasdaq.com/symbol/wtt
XTNT,"Xtant Medical Holdings, Inc.",2.1101,$25.61M,n/a,Health Care,Biotechnology: Biological Products (No Diagnostic Substances),http://www.nasdaq.com/symbol/xtnt
YUMA,"Yuma Energy, Inc.",0.291,$20.95M,n/a,Energy,Oil & Gas Production,http://www.nasdaq.com/symbol/yuma
YUMA^A,"Yuma Energy, Inc.",3.8,n/a,n/a,n/a,n/a,http://www.nasdaq.com/symbol/yuma^a
ZDGE,"Zedge, Inc.",3.82,$35.57M,2016,Technology,Computer Software: Prepackaged Software,http://www.nasdaq.com/symbol/zdge
